{"loss": [4.605282306671143, 4.0876688957214355, 3.735276937484741, 3.407578229904175, 3.146657705307007, 2.834576368331909, 2.589362382888794, 2.2214770317077637, 1.987618327140808, 1.7086199522018433, 1.4832050800323486, 1.239802360534668, 1.112191915512085, 0.9083014130592346, 0.8187255263328552, 0.6126330494880676, 0.5051689147949219, 0.4563129246234894, 0.3283863961696625, 0.2754049301147461, 0.30144616961479187, 0.22384025156497955, 0.17481695115566254, 0.18211813271045685, 0.15461426973342896, 0.09822917729616165, 0.0955604836344719, 0.0822497084736824, 0.07828908413648605, 0.06874319911003113], "accuracy": [0.026988636702299118, 0.06107954680919647, 0.09872159361839294, 0.16548295319080353, 0.21022726595401764, 0.2734375, 0.32883521914482117, 0.3948863744735718, 0.46377840638160706, 0.53125, 0.5887784361839294, 0.6555397510528564, 0.6754261255264282, 0.7400568127632141, 0.7784090638160706, 0.8295454382896423, 0.8586647510528564, 0.8721590638160706, 0.9048295617103577, 0.9275568127632141, 0.9090909361839294, 0.9382102489471436, 0.953125, 0.9509943127632141, 0.9573863744735718, 0.9715909361839294, 0.9758522510528564, 0.9751420617103577, 0.9794034361839294, 0.9822443127632141], "val_loss": [5.0584282875061035, 4.838101387023926, 4.387868881225586, 3.7849678993225098, 3.315561532974243, 2.993731737136841, 2.8710711002349854, 3.60546875, 2.574047565460205, 2.874234199523926, 3.0106287002563477, 4.660824775695801, 2.9931440353393555, 3.141390085220337, 2.9118704795837402, 1.5469664335250854, 1.329302191734314, 1.0161954164505005, 1.024955153465271, 1.2877123355865479, 1.0464190244674683, 2.015704393386841, 0.7165301442146301, 0.8409644365310669, 0.7298088669776917, 0.7611332535743713, 0.6344668865203857, 0.7244482040405273, 0.7186723351478577, 0.6228446960449219], "val_accuracy": [0.00909090880304575, 0.00909090880304575, 0.036363635212183, 0.11590909212827682, 0.21590909361839294, 0.3022727370262146, 0.3022727370262146, 0.15000000596046448, 0.334090918302536, 0.2954545319080353, 0.2659091055393219, 0.15909090638160706, 0.3113636374473572, 0.3136363625526428, 0.3659090995788574, 0.6477272510528564, 0.6659091114997864, 0.7590909004211426, 0.7727272510528564, 0.7022727131843567, 0.7477272748947144, 0.543181836605072, 0.8431817889213562, 0.8159090876579285, 0.8363636136054993, 0.8386363387107849, 0.8545454740524292, 0.8295454382896423, 0.8431817889213562, 0.8886363506317139]}