{"loss": [5.827415943145752, 4.272411823272705, 3.655867099761963, 3.2058446407318115, 2.717489242553711, 2.23549485206604, 1.758886456489563, 1.3038914203643799, 1.1798878908157349, 0.8219857811927795, 0.6517744064331055, 0.5217915773391724, 0.381022185087204, 0.25718891620635986, 0.19197601079940796, 0.185821995139122, 0.17280597984790802, 0.180447518825531, 0.12851183116436005, 0.11495466530323029, 0.09856211394071579, 0.07045456767082214, 0.06943725049495697, 0.04570530727505684, 0.05183617025613785, 0.05227302014827728, 0.0468265525996685, 0.036916110664606094, 0.05215433984994888, 0.03145644813776016], "accuracy": [0.024857955053448677, 0.08380682021379471, 0.17116476595401764, 0.24147726595401764, 0.33096590638160706, 0.42471590638160706, 0.5447443127632141, 0.6505681872367859, 0.6669034361839294, 0.7805397510528564, 0.8196022510528564, 0.8579545617103577, 0.8955965638160706, 0.9403409361839294, 0.9488636255264282, 0.9460227489471436, 0.9552556872367859, 0.9524147510528564, 0.9630681872367859, 0.9651988744735718, 0.9772727489471436, 0.9786931872367859, 0.9808238744735718, 0.9900568127632141, 0.9872159361839294, 0.984375, 0.9857954382896423, 0.9921875, 0.9865056872367859, 0.9914772510528564], "val_loss": [4.7321553230285645, 4.774206638336182, 4.810981273651123, 4.7679123878479, 4.629253387451172, 4.559558391571045, 3.5791537761688232, 2.473047971725464, 1.571545958518982, 0.9803519248962402, 0.973584771156311, 0.9978334307670593, 0.5364922285079956, 0.6326306462287903, 0.4481028616428375, 0.4809674024581909, 0.40152525901794434, 0.39679545164108276, 0.4466669261455536, 0.4426233172416687, 0.43198952078819275, 0.40136098861694336, 0.3916289508342743, 0.46144264936447144, 0.42461803555488586, 0.3396056890487671, 0.38724440336227417, 0.315746009349823, 0.41399598121643066, 0.4710860252380371], "val_accuracy": [0.0022727272007614374, 0.006818181835114956, 0.006818181835114956, 0.006818181835114956, 0.013636363670229912, 0.04772727191448212, 0.1613636314868927, 0.3795454502105713, 0.6340909004211426, 0.7863636612892151, 0.7590909004211426, 0.7590909004211426, 0.8704545497894287, 0.8477272987365723, 0.8977272510528564, 0.8931818008422852, 0.9068182110786438, 0.9136363863945007, 0.8999999761581421, 0.9113636612892151, 0.8909090757369995, 0.9090909361839294, 0.9204545617103577, 0.8931818008422852, 0.9136363863945007, 0.925000011920929, 0.9136363863945007, 0.9318181872367859, 0.9159091114997864, 0.8795454502105713]}