{"loss": [6.042454242706299, 4.655027866363525, 4.2095770835876465, 4.000583171844482, 3.645092248916626, 3.21445631980896, 2.7903127670288086, 2.3642678260803223, 1.8568108081817627, 1.416745662689209, 1.1011269092559814, 0.8846355676651001, 0.7472955584526062, 0.5186787843704224, 0.4042279124259949, 0.32724830508232117, 0.2834279239177704, 0.21101504564285278, 0.18668417632579803, 0.12982605397701263, 0.11266040802001953, 0.09541623294353485, 0.08859359472990036, 0.08860988169908524, 0.09289543330669403, 0.059304263442754745, 0.048949841409921646, 0.0560392290353775, 0.0456545352935791, 0.03689196705818176], "accuracy": [0.022727273404598236, 0.05894886329770088, 0.09019886702299118, 0.11647727340459824, 0.1541193127632141, 0.22585226595401764, 0.3103693127632141, 0.4076704680919647, 0.5149147510528564, 0.6122159361839294, 0.7080965638160706, 0.7705965638160706, 0.7997159361839294, 0.8607954382896423, 0.8877840638160706, 0.9090909361839294, 0.9247159361839294, 0.9446022510528564, 0.9474431872367859, 0.9694602489471436, 0.9708806872367859, 0.9723011255264282, 0.9772727489471436, 0.9765625, 0.9751420617103577, 0.9829545617103577, 0.9857954382896423, 0.9879261255264282, 0.9886363744735718, 0.9921875], "val_loss": [4.735762119293213, 4.817762851715088, 4.936037540435791, 4.937797546386719, 4.5949602127075195, 4.279663562774658, 3.6170787811279297, 3.106340169906616, 2.5218896865844727, 3.049238443374634, 1.6009480953216553, 2.6083762645721436, 1.8701882362365723, 1.0027068853378296, 0.7400060892105103, 2.3374381065368652, 0.5291457176208496, 0.8395051956176758, 0.4087887406349182, 0.43159428238868713, 0.9841260313987732, 0.415714830160141, 0.4735966622829437, 0.4871073067188263, 0.7212960720062256, 0.739643931388855, 0.38758811354637146, 0.35374772548675537, 0.3191377520561218, 0.3601657450199127], "val_accuracy": [0.006818181835114956, 0.013636363670229912, 0.0022727272007614374, 0.011363636702299118, 0.027272727340459824, 0.06590908765792847, 0.20000000298023224, 0.30454546213150024, 0.39772728085517883, 0.23181818425655365, 0.6181818246841431, 0.36818182468414307, 0.5477272868156433, 0.75, 0.831818163394928, 0.4477272629737854, 0.8681818246841431, 0.7772727012634277, 0.8999999761581421, 0.8886363506317139, 0.7363636493682861, 0.8931818008422852, 0.8772727251052856, 0.8886363506317139, 0.8340908885002136, 0.831818163394928, 0.9068182110786438, 0.918181836605072, 0.9318181872367859, 0.9136363863945007]}