{"loss": [5.921468734741211, 4.429396629333496, 4.041017055511475, 3.8284912109375, 3.406099557876587, 3.104085683822632, 2.6666059494018555, 2.3280601501464844, 1.88743257522583, 1.4215880632400513, 1.1289407014846802, 0.8718278408050537, 0.7041322588920593, 0.5064473152160645, 0.38737180829048157, 0.37903517484664917, 0.3012033700942993, 0.15277284383773804, 0.17733609676361084, 0.1201832965016365, 0.1350976824760437, 0.12928229570388794, 0.09661734104156494, 0.12401513755321503, 0.08817850798368454, 0.06549763679504395, 0.046397626399993896, 0.03967127948999405, 0.06034493446350098, 0.05362983047962189], "accuracy": [0.018465908244252205, 0.06676136702299118, 0.1015625, 0.1271306872367859, 0.1974431872367859, 0.2556818127632141, 0.33096590638160706, 0.4119318127632141, 0.5291193127632141, 0.6335227489471436, 0.6981534361839294, 0.7734375, 0.8053977489471436, 0.8629261255264282, 0.8884943127632141, 0.8948863744735718, 0.9154829382896423, 0.9609375, 0.9509943127632141, 0.96875, 0.96875, 0.9666193127632141, 0.9794034361839294, 0.9651988744735718, 0.9751420617103577, 0.9815340638160706, 0.9893465638160706, 0.9907670617103577, 0.9829545617103577, 0.9857954382896423], "val_loss": [4.746449947357178, 4.8327860832214355, 4.904562473297119, 4.891195297241211, 4.591293811798096, 4.461679458618164, 3.943319797515869, 3.797266960144043, 3.965947389602661, 3.4611005783081055, 1.8781507015228271, 1.596532940864563, 1.398666262626648, 1.7232784032821655, 2.165452480316162, 1.4711294174194336, 0.5234806537628174, 0.41864442825317383, 0.711645245552063, 0.3283829391002655, 0.5030090808868408, 0.4450216591358185, 1.0832692384719849, 0.8119695782661438, 0.32716014981269836, 0.672817587852478, 0.3883022665977478, 0.3926612436771393, 0.6351107358932495, 0.4496302604675293], "val_accuracy": [0.00909090880304575, 0.0022727272007614374, 0.0022727272007614374, 0.006818181835114956, 0.020454544574022293, 0.04545454680919647, 0.13409091532230377, 0.12727272510528564, 0.16590909659862518, 0.18863636255264282, 0.5454545617103577, 0.5931817889213562, 0.6227272748947144, 0.5568181872367859, 0.4545454680919647, 0.6318181753158569, 0.8840909004211426, 0.8999999761581421, 0.8204545378684998, 0.9227272868156433, 0.8886363506317139, 0.8954545259475708, 0.7295454740524292, 0.8022727370262146, 0.9204545617103577, 0.8113636374473572, 0.8999999761581421, 0.9068182110786438, 0.824999988079071, 0.8704545497894287]}