{"loss": [4.995599269866943, 4.469040870666504, 3.7086198329925537, 2.656400203704834, 1.6774797439575195, 0.9444421529769897, 0.5512098073959351, 0.3395865261554718, 0.2298489212989807, 0.17290878295898438, 0.09886892884969711, 0.0668756514787674, 0.047295667231082916, 0.0349416546523571, 0.035765185952186584, 0.0313190221786499, 0.03037821128964424, 0.023732883855700493, 0.020520800724625587, 0.02057856135070324, 0.01934601552784443, 0.01884898543357849, 0.019930051639676094, 0.016820639371871948, 0.016240593045949936, 0.015230485238134861, 0.014717785641551018, 0.01862039975821972, 0.015924837440252304, 0.018033310770988464], "accuracy": [0.02001953125, 0.068603515625, 0.162109375, 0.351806640625, 0.565185546875, 0.744873046875, 0.843017578125, 0.90478515625, 0.93310546875, 0.9482421875, 0.97314453125, 0.982177734375, 0.9873046875, 0.99169921875, 0.99072265625, 0.992431640625, 0.991943359375, 0.994140625, 0.9951171875, 0.99462890625, 0.994140625, 0.994140625, 0.9951171875, 0.995849609375, 0.996337890625, 0.996826171875, 0.9970703125, 0.9951171875, 0.995361328125, 0.994873046875], "val_loss": [5.501772880554199, 4.331549644470215, 3.889347553253174, 3.7174839973449707, 1.757828950881958, 1.278458595275879, 0.9957482218742371, 0.60736483335495, 0.5082775354385376, 0.7355040311813354, 0.28539377450942993, 0.3052254617214203, 0.26411470770835876, 0.2556982636451721, 0.24396152794361115, 0.23924550414085388, 0.23517385125160217, 0.23968636989593506, 0.23077484965324402, 0.22377899289131165, 0.2246887981891632, 0.21848993003368378, 0.22152180969715118, 0.2202373445034027, 0.21998600661754608, 0.219719797372818, 0.2196597307920456, 0.2195027768611908, 0.21946954727172852, 0.21934786438941956], "val_accuracy": [0.007031249813735485, 0.08984375, 0.14218750596046448, 0.18828125298023224, 0.55078125, 0.671093761920929, 0.73046875, 0.8374999761581421, 0.859375, 0.7953125238418579, 0.918749988079071, 0.917187511920929, 0.926562488079071, 0.9375, 0.938281238079071, 0.936718761920929, 0.934374988079071, 0.934374988079071, 0.938281238079071, 0.9390624761581421, 0.940625011920929, 0.942187488079071, 0.9429687261581421, 0.944531261920929, 0.9437500238418579, 0.9453125, 0.9453125, 0.9453125, 0.9453125, 0.946093738079071]}