{"loss": [5.799127578735352, 4.783603191375732, 4.084713935852051, 3.4519214630126953, 2.832618236541748, 2.170750856399536, 1.5550730228424072, 1.1089463233947754, 0.7751668095588684, 0.5696057677268982, 0.4161868095397949, 0.2960822582244873, 0.22400638461112976, 0.18460886180400848, 0.1807965487241745, 0.12635688483715057, 0.09581640362739563, 0.08795660734176636, 0.06699132919311523, 0.053947873413562775, 0.044594891369342804, 0.04752605780959129, 0.03587622195482254, 0.031369853764772415, 0.0316823348402977, 0.0314485989511013, 0.027587220072746277, 0.028821084648370743, 0.031512029469013214, 0.026058075949549675], "accuracy": [0.017333984375, 0.05517578125, 0.1240234375, 0.21630859375, 0.33154296875, 0.46826171875, 0.607666015625, 0.70947265625, 0.79345703125, 0.849609375, 0.88671875, 0.925048828125, 0.943603515625, 0.95361328125, 0.9521484375, 0.96875, 0.976806640625, 0.978271484375, 0.986572265625, 0.989990234375, 0.990478515625, 0.98779296875, 0.991943359375, 0.993408203125, 0.994384765625, 0.995361328125, 0.9951171875, 0.994873046875, 0.99267578125, 0.9951171875], "val_loss": [5.16668176651001, 5.179460525512695, 4.4013261795043945, 3.4036407470703125, 2.4987752437591553, 1.8713356256484985, 1.3883943557739258, 1.0948344469070435, 0.8329273462295532, 0.7091040015220642, 0.6106568574905396, 0.5031668543815613, 0.4542607367038727, 0.4031762480735779, 0.38962453603744507, 0.37976258993148804, 0.33426517248153687, 0.3348672389984131, 0.3019893765449524, 0.28973859548568726, 0.2836807072162628, 0.2854604721069336, 0.2750471532344818, 0.267410546541214, 0.2599569857120514, 0.25189638137817383, 0.2458181381225586, 0.2521912753582001, 0.24438855051994324, 0.24111559987068176], "val_accuracy": [0.0031250000465661287, 0.0078125, 0.04609375074505806, 0.2421875, 0.421875, 0.590624988079071, 0.657031238079071, 0.725781261920929, 0.7890625, 0.8148437738418579, 0.8382812738418579, 0.8671875, 0.885937511920929, 0.8999999761581421, 0.91015625, 0.9046875238418579, 0.9156249761581421, 0.91796875, 0.921093761920929, 0.9273437261581421, 0.9281250238418579, 0.921093761920929, 0.926562488079071, 0.926562488079071, 0.9312499761581421, 0.938281238079071, 0.9398437738418579, 0.942187488079071, 0.9437500238418579, 0.9429687261581421]}