{"loss": [5.943347930908203, 5.094106674194336, 4.5520830154418945, 3.839489221572876, 2.9452531337738037, 2.0673866271972656, 1.3021315336227417, 0.7687338590621948, 0.5175213813781738, 0.32384058833122253, 0.22684703767299652, 0.13301052153110504, 0.0931558907032013, 0.07212821394205093, 0.06030665338039398, 0.05457352474331856, 0.04661097750067711, 0.04225693643093109, 0.033280178904533386, 0.033389732241630554, 0.02715141884982586, 0.025482187047600746, 0.022847255691885948, 0.02124817855656147, 0.022822165861725807, 0.021083639934659004, 0.01571778953075409, 0.01739397831261158, 0.023677121847867966, 0.01963459700345993], "accuracy": [0.010986328125, 0.027099609375, 0.068115234375, 0.14599609375, 0.288818359375, 0.480224609375, 0.6484375, 0.789794921875, 0.8583984375, 0.911865234375, 0.93701171875, 0.967529296875, 0.976318359375, 0.982666015625, 0.9853515625, 0.98876953125, 0.990234375, 0.991455078125, 0.99169921875, 0.994384765625, 0.994873046875, 0.994873046875, 0.995849609375, 0.996337890625, 0.99658203125, 0.994873046875, 0.99853515625, 0.9970703125, 0.993896484375, 0.996826171875], "val_loss": [5.122191905975342, 4.879837989807129, 4.246340751647949, 3.298335552215576, 2.384875774383545, 1.6649119853973389, 1.0864511728286743, 0.8740848302841187, 0.5868368148803711, 0.44010791182518005, 0.4529750943183899, 0.3380303978919983, 0.3109445571899414, 0.30356892943382263, 0.2902402877807617, 0.2657430171966553, 0.28855758905410767, 0.25840604305267334, 0.25238126516342163, 0.25089552998542786, 0.24059119820594788, 0.24478745460510254, 0.23509669303894043, 0.22977006435394287, 0.22813956439495087, 0.22897160053253174, 0.22500725090503693, 0.225545734167099, 0.22003507614135742, 0.21834807097911835], "val_accuracy": [0.00390625, 0.01406249962747097, 0.07968749850988388, 0.24062499403953552, 0.4234375059604645, 0.5992187261581421, 0.73046875, 0.7718750238418579, 0.846875011920929, 0.883593738079071, 0.875, 0.9125000238418579, 0.918749988079071, 0.9195312261581421, 0.921093761920929, 0.9242187738418579, 0.921875, 0.928906261920929, 0.9273437261581421, 0.9296875, 0.9359375238418579, 0.9320312738418579, 0.934374988079071, 0.936718761920929, 0.936718761920929, 0.9351562261581421, 0.9359375238418579, 0.9375, 0.936718761920929, 0.9351562261581421]}