{"loss": [5.687138557434082, 4.738946914672852, 4.051148414611816, 3.394075870513916, 3.02731990814209, 2.6947076320648193, 2.316129207611084, 1.9789172410964966, 1.6480048894882202, 1.3681985139846802, 1.0702811479568481, 0.9059396982192993, 0.6813513040542603, 0.5466171503067017, 0.4219799339771271, 0.34961119294166565, 0.30102449655532837, 0.2780310809612274, 0.26157206296920776, 0.2164924293756485, 0.1909780651330948, 0.18506896495819092, 0.1627800464630127, 0.1461390107870102, 0.13742069900035858, 0.12341949343681335, 0.12211548537015915, 0.12233968824148178, 0.12006519734859467, 0.1067047119140625], "accuracy": [0.014488636516034603, 0.04232954606413841, 0.114772729575634, 0.18551136553287506, 0.255965918302536, 0.3116477131843567, 0.38892045617103577, 0.47556817531585693, 0.5579545497894287, 0.6323863863945007, 0.7110795378684998, 0.7454545497894287, 0.8230113387107849, 0.8505681753158569, 0.890625, 0.9161931872367859, 0.9278408885002136, 0.9335227012634277, 0.9394886493682861, 0.9539772868156433, 0.9599431753158569, 0.9596590995788574, 0.9633522629737854, 0.9670454263687134, 0.972443163394928, 0.9761363863945007, 0.9730113744735718, 0.9730113744735718, 0.9735795259475708, 0.9798295497894287], "val_loss": [4.973048686981201, 5.149547100067139, 5.020201683044434, 4.026952266693115, 3.0768654346466064, 2.3190364837646484, 1.9941574335098267, 1.5571324825286865, 1.2651458978652954, 1.0530999898910522, 0.819371223449707, 0.7691218852996826, 0.5242020487785339, 0.6358439326286316, 0.37278223037719727, 0.33596277236938477, 0.3199232518672943, 0.27047523856163025, 0.2589372992515564, 0.22745750844478607, 0.2063000351190567, 0.20714400708675385, 0.1861218512058258, 0.171961709856987, 0.17219695448875427, 0.16584615409374237, 0.16147413849830627, 0.15286526083946228, 0.15000277757644653, 0.1537165343761444], "val_accuracy": [0.00543970987200737, 0.01087941974401474, 0.023572076112031937, 0.08431550115346909, 0.23753400146961212, 0.4596554934978485, 0.5222121477127075, 0.6563916802406311, 0.7243880033493042, 0.7724388241767883, 0.834995448589325, 0.8150498867034912, 0.8966454863548279, 0.8359020948410034, 0.923844039440155, 0.9320036172866821, 0.93019038438797, 0.9401631951332092, 0.9401631951332092, 0.94922935962677, 0.9546690583229065, 0.9501360058784485, 0.9564822912216187, 0.9637352824211121, 0.9601088166236877, 0.9601088166236877, 0.9610154032707214, 0.9646418690681458, 0.9646418690681458, 0.9646418690681458]}