{"loss": [4.9558515548706055, 4.678460121154785, 4.029323101043701, 3.182485342025757, 2.2920782566070557, 1.6991873979568481, 1.0800814628601074, 0.659223198890686, 0.4901684522628784, 0.38271021842956543, 0.3004883825778961, 0.22948861122131348, 0.18614675104618073, 0.15508289635181427, 0.1135311871767044, 0.09470496326684952, 0.08889447152614594, 0.07898885011672974, 0.06801806390285492, 0.07129636406898499, 0.06000889092683792, 0.05615004524588585, 0.05426548793911934, 0.05129241198301315, 0.054816991090774536, 0.04205374792218208, 0.04094666615128517, 0.047252677381038666, 0.043122902512550354, 0.048316363245248795], "accuracy": [0.011363636702299118, 0.03494318202137947, 0.10511363297700882, 0.21875, 0.3798295557498932, 0.5232954621315002, 0.684374988079071, 0.8034090995788574, 0.856249988079071, 0.8849431872367859, 0.9096590876579285, 0.9349431991577148, 0.9468749761581421, 0.9542613625526428, 0.9710227251052856, 0.9798295497894287, 0.9778409004211426, 0.9798295497894287, 0.9781249761581421, 0.981249988079071, 0.9846590757369995, 0.9860795736312866, 0.9869318008422852, 0.987500011920929, 0.9849432110786438, 0.9911931753158569, 0.9906250238418579, 0.9883522987365723, 0.9911931753158569, 0.9877840876579285], "val_loss": [4.8883161544799805, 4.404469013214111, 3.6395246982574463, 2.880126953125, 2.2511191368103027, 1.9562197923660278, 2.0603229999542236, 0.8303178548812866, 0.6917018890380859, 0.5336215496063232, 0.34890738129615784, 0.2873896658420563, 0.4500352144241333, 0.22829437255859375, 0.22071076929569244, 0.2111671417951584, 0.2130553275346756, 0.2035384625196457, 0.1905089020729065, 0.1885683834552765, 0.1867993026971817, 0.16806569695472717, 0.16246800124645233, 0.16921448707580566, 0.16174446046352386, 0.16914306581020355, 0.16696670651435852, 0.16371148824691772, 0.16444595158100128, 0.1639387309551239], "val_accuracy": [0.009972801432013512, 0.046237535774707794, 0.13236626982688904, 0.2629193067550659, 0.4097914695739746, 0.4777878522872925, 0.4687216579914093, 0.754306435585022, 0.805077075958252, 0.849501371383667, 0.9011785984039307, 0.9274705052375793, 0.8757932782173157, 0.9474161267280579, 0.94922935962677, 0.9519492387771606, 0.9474161267280579, 0.9519492387771606, 0.9546690583229065, 0.9528558254241943, 0.9546690583229065, 0.9610154032707214, 0.9573889374732971, 0.9528558254241943, 0.9592021703720093, 0.9601088166236877, 0.9601088166236877, 0.9592021703720093, 0.9601088166236877, 0.9601088166236877]}