{"loss": [5.637053966522217, 4.604258060455322, 3.6037018299102783, 2.8611063957214355, 2.2830865383148193, 1.728135108947754, 1.2194292545318604, 0.8846116065979004, 0.5532220602035522, 0.4236290752887726, 0.3387077748775482, 0.2721772789955139, 0.21445579826831818, 0.2104184776544571, 0.1865890920162201, 0.18300630152225494, 0.14744961261749268, 0.13313059508800507, 0.1350151002407074, 0.1339065134525299, 0.11994393169879913, 0.11622659862041473, 0.10305652767419815, 0.1007101908326149, 0.10690709948539734, 0.09684079885482788, 0.09786010533571243, 0.09178656339645386, 0.09145786613225937, 0.09482085704803467], "accuracy": [0.015909090638160706, 0.06193181872367859, 0.16590909659862518, 0.2806818187236786, 0.4107954502105713, 0.5338068008422852, 0.6707386374473572, 0.7551136612892151, 0.8539772629737854, 0.8917613625526428, 0.9136363863945007, 0.9357954263687134, 0.9502840638160706, 0.9480113387107849, 0.9548295736312866, 0.9590908885002136, 0.9676136374473572, 0.9735795259475708, 0.9704545736312866, 0.9690340757369995, 0.9735795259475708, 0.9784091114997864, 0.9815340638160706, 0.9795454740524292, 0.9786931872367859, 0.9784091114997864, 0.981249988079071, 0.9803977012634277, 0.9821022748947144, 0.980681836605072], "val_loss": [4.978460311889648, 4.9931159019470215, 4.20240592956543, 3.6036860942840576, 1.8277432918548584, 1.6023790836334229, 1.01449453830719, 2.7376646995544434, 0.4014531075954437, 0.32295525074005127, 0.3322732150554657, 0.25783252716064453, 0.21341529488563538, 0.20048850774765015, 0.18314863741397858, 0.18439508974552155, 0.1647142469882965, 0.1602487415075302, 0.1561627835035324, 0.14299607276916504, 0.14714473485946655, 0.14226733148097992, 0.1349475234746933, 0.1343766748905182, 0.13056080043315887, 0.133578822016716, 0.13014209270477295, 0.12719376385211945, 0.1266135275363922, 0.12551312148571014], "val_accuracy": [0.008159564808011055, 0.02266545780003071, 0.07071623206138611, 0.13508613407611847, 0.5512239336967468, 0.5793290734291077, 0.7552130818367004, 0.31550318002700806, 0.9093381762504578, 0.9338168501853943, 0.9247506856918335, 0.9501360058784485, 0.9537624716758728, 0.9601088166236877, 0.9610154032707214, 0.9601088166236877, 0.9637352824211121, 0.9664551019668579, 0.9664551019668579, 0.9728014469146729, 0.9700815677642822, 0.9691749811172485, 0.9718948602676392, 0.9709882140159607, 0.9709882140159607, 0.9691749811172485, 0.9700815677642822, 0.9737080931663513, 0.9718948602676392, 0.9718948602676392]}